node_id,frequency
AIP:0000001,4
AIP:0000003,5
AIP:0000005,2
AIP:0000007,16
AIP:0000008,1
AIP:0000010,284
AIP:0000011,106
AIP:0000012,1
AIP:0000013,28
AIP:0000016,25
AIP:0000021,32
AIP:0000027,1
AIP:0000036,3
AIP:0000042,10
AIP:0000045,2
AIP:0000049,205
AIP:0000055,3
AIP:0000062,4
AIP:0000064,453
AIP:0000065,180
AIP:0000066,1
AIP:0000080,2
AIP:0000093,1
AIP:0000102,7
AIP:0000103,135
AIP:0000106,3
AIP:0000109,20
AIP:0000110,1
AIP:0000115,110
AIP:0000116,1
AIP:0000119,1156
AIP:0000120,16
AIP:0000122,2115
AIP:0000124,1013
AIP:0000125,119
AIP:0000126,3
AIP:0000127,785
AIP:0000128,403
AIP:0000135,1
AIP:0000137,1
AIP:0000146,4
AIP:0000149,7
AIP:0000159,3
AIP:0000160,3
AIP:0000162,9
AIP:0000172,1
AIP:0000175,4
AIP:0000176,8
AIP:0000178,534
AIP:0000179,1
AIP:0000182,72
AIP:0000183,3027
AIP:0000184,2
AIP:0000185,1
AIP:0000187,19
AIP:0000189,3
AIP:0000190,12
AIP:0000191,45
AIP:0000193,17
AIP:0000194,2
AIP:0000197,11
AIP:0000204,20
AIP:0000205,3
AIP:0000212,2
AIP:0000232,13
AIP:0000233,39
AIP:0000235,47
AIP:0000239,52
AIP:0000240,94
AIP:0000244,532
AIP:0000245,959
AIP:0000247,756
AIP:0000248,157
AIP:0000253,278
AIP:0000257,49
AIP:0000258,123
AIP:0000259,43
AIP:0000260,65
AIP:0000261,205
AIP:0000262,4
AIP:0000264,3
AIP:0000269,60
AIP:0000270,290
AIP:0000271,1
AIP:0000273,14
AIP:0000274,135
AIP:0000277,5
AIP:0000283,27
AIP:0000286,428
AIP:0000287,144
AIP:0000288,1
AIP:0000289,94
AIP:0000291,28
AIP:0000292,11
AIP:0000293,2
AIP:0000297,28
AIP:0000298,20
AIP:0000303,1328
AIP:0000305,4
AIP:0000306,37
AIP:0000312,15
AIP:0000313,6
AIP:0000314,11
AIP:0000315,78
AIP:0000317,586
AIP:0000318,5
AIP:0000321,17
AIP:0000323,49
AIP:0000324,75
AIP:0000331,154
AIP:0000338,19
AIP:0000339,98
AIP:0000340,33
AIP:0000363,5
AIP:0000365,1
AIP:0000367,6
AIP:0000371,1
AIP:0000372,6
AIP:0000373,14
AIP:0000375,1
AIP:0000380,6
AIP:0000384,50
AIP:0000395,5
AIP:0000396,3575
AIP:0000397,7
AIP:0000398,28
AIP:0000399,13
AIP:0000401,3
AIP:0000404,39
AIP:0000406,7
AIP:0000408,37
AIP:0000409,261
AIP:0000410,1
AIP:0000411,353
AIP:0000417,800
AIP:0000418,29
AIP:0000424,1
AIP:0000430,54
AIP:0000431,78
AIP:0000432,1
AIP:0000436,5364
AIP:0000440,15
AIP:0000444,52
AIP:0000445,1610
AIP:0000446,7
AIP:0000447,8
AIP:0000448,109
AIP:0000449,1
AIP:0000450,2
AIP:0000453,43
AIP:0000454,11
AIP:0000455,25
AIP:0000456,186
AIP:0000457,467
AIP:0000461,345
AIP:0000462,18
AIP:0000463,1
AIP:0000464,1
AIP:0000465,1
AIP:0000467,5
AIP:0000469,24
AIP:0000470,308
AIP:0000473,1
AIP:0000475,8
AIP:0000477,1
AIP:0000480,1
AIP:0000482,92
AIP:0000483,108
AIP:0000484,4
AIP:0000485,3
AIP:0000487,140
AIP:0000488,12
AIP:0000489,22
AIP:0000492,33
AIP:0000493,4
AIP:0000495,2
AIP:0000496,11
AIP:0000497,80
AIP:000049b,35
AIP:0000500,1
AIP:0000501,2015
AIP:0000502,1
AIP:0000503,3
AIP:0000505,18
AIP:0000506,1578
AIP:0000507,141
AIP:0000508,6
AIP:0000510,154
AIP:0000511,593
AIP:0000513,404
AIP:0000514,21
AIP:0000515,44
AIP:0000516,31
AIP:0000519,14
AIP:0000522,6
AIP:0000525,1
AIP:0000535,3
AIP:0000539,89
AIP:0000542,2
AIP:0000560,58
AIP:0000561,4
AIP:0000563,95
AIP:0000566,11
AIP:0000572,4
AIP:0000573,12
AIP:0000575,323
AIP:0000580,8
AIP:0000581,12
AIP:0000582,221
AIP:0000584,24
AIP:0000585,67
AIP:0000588,3
AIP:0000598,3
AIP:0000599,15
AIP:0000600,9
AIP:0000608,1
AIP:0000609,8
AIP:0000618,41
AIP:0000620,23
AIP:0000623,1
AIP:0000628,3
AIP:0000639,2
AIP:0000643,12
AIP:0000651,1
AIP:0000655,5
AIP:0000667,1
AIP:0000672,1
AIP:0000677,22
AIP:0000678,13
AIP:0000681,42
AIP:0000683,1
AIP:0000691,1
AIP:0000692,565
AIP:0000708,34
AIP:0000721,3
AIP:0000731,4
AIP:0000732,3
AIP:0000733,497
AIP:0000734,1678
AIP:0000739,1800
AIP:0000745,723
AIP:0000755,22
AIP:0000760,9
AIP:0000765,1325
AIP:0000766,3608
AIP:0000767,200
AIP:0000768,78
AIP:0000769,203
AIP:0000770,24
AIP:0000772,1
AIP:0000775,2133
AIP:0000778,2
AIP:0000780,1
AIP:0000782,102
AIP:0000783,89
AIP:0000784,100
AIP:0000785,46
AIP:0000786,174
AIP:0000787,16
AIP:0000794,1
AIP:0000795,1
AIP:0000796,201
AIP:0000797,22
AIP:0000798,3
AIP:0000799,3
AIP:0000805,271
AIP:0000806,20
AIP:0000807,1
AIP:0000808,11
AIP:0000809,26
AIP:0000810,43
AIP:0000811,85
AIP:0000812,48
AIP:0000813,1
AIP:0000814,453
AIP:0000815,187
AIP:0000816,74
AIP:0000819,1
AIP:0000824,7
AIP:0000826,7
AIP:0000829,12
AIP:0000830,36
AIP:0000831,1
AIP:0000837,4
AIP:0000841,11
AIP:0000842,19
AIP:0000844,25
AIP:0000850,11
AIP:0000856,1
AIP:0000857,32
AIP:0000859,6
AIP:0000861,158
AIP:0000864,8
AIP:0000865,86
AIP:0000871,53
AIP:0000874,8
AIP:0000879,7
AIP:0000884,229
AIP:0000885,22
AIP:0000887,9
AIP:0000892,236
AIP:0000893,38
AIP:0000894,16
AIP:0000898,7
AIP:0000901,20
AIP:0000902,37
AIP:0000923,128
AIP:0000924,113
AIP:0000925,131
AIP:0000926,328
AIP:0000928,35
AIP:0000929,1
AIP:0000930,49
AIP:0000931,57
AIP:0000932,2
AIP:0000935,308
AIP:0000936,2
AIP:0000942,3632
AIP:0000943,121
AIP:0000945,659
AIP:0000949,94
AIP:0000950,75
AIP:0000957,45
AIP:0000959,624
AIP:0000960,238
AIP:0000963,156
AIP:0000965,127
AIP:0000966,158
AIP:0000967,54
AIP:0000969,8
AIP:0000970,1604
AIP:0000971,352
AIP:0000972,694
AIP:0000973,106
AIP:0000974,143
AIP:0000975,99
AIP:0000976,1
AIP:0000977,109
AIP:0000979,4
AIP:0000980,1
AIP:0000982,4
AIP:0000983,1
AIP:0000988,19
AIP:0000993,210
AIP:0000994,3
AIP:0000998,18
AIP:0000999,1
AIP:0001006,10
AIP:0001007,55
AIP:0001008,4
AIP:0001010,2
AIP:0001013,7
AIP:0001014,78
AIP:0001016,11
AIP:0001017,73
AIP:0001018,74
AIP:0001019,171
AIP:0001023,78
AIP:0001025,2
AIP:0001026,1
AIP:0001029,441
AIP:0001030,15
AIP:0001032,1
AIP:0001040,1
AIP:0001041,273
AIP:0001042,33
AIP:0001050,1
AIP:0001052,1
AIP:0001064,2
AIP:0001070,9
AIP:0001076,88
AIP:0001081,5
AIP:0001086,14
AIP:0001089,25
AIP:0001102,5
AIP:0001109,2
AIP:0001110,309
AIP:0001111,73
AIP:0001112,45
AIP:0001114,18
AIP:0001116,423
AIP:0001118,4
AIP:0001129,33
AIP:0001133,9
AIP:0001138,1
AIP:0001139,24
AIP:0001140,24
AIP:0001141,8
AIP:0001142,4
AIP:0001144,101
AIP:0001147,8
AIP:0001149,30
AIP:0001150,2
AIP:0001154,6
AIP:0001155,55
AIP:0001157,1
AIP:0001158,2
AIP:0001159,3
AIP:0001162,49
AIP:0001163,1
AIP:0001165,1
AIP:0001169,9
AIP:0001173,1
AIP:0001174,102
AIP:0001176,11
AIP:0001182,3
AIP:0001185,17
AIP:0001196,7
AIP:0001198,132
AIP:0001199,214
AIP:000119a,12
AIP:000119b,3
AIP:000119c,8
AIP:000119d,1
AIP:000119e,3
AIP:000119f,7
AIP:000119g,1
AIP:000119h,5
AIP:0001201,23
AIP:0001209,2
AIP:0001217,53
AIP:0001227,1
AIP:000122f,39
AIP:000122g,1
AIP:000122i,3
AIP:000122k,32
AIP:000122l,2
AIP:000122m,3
AIP:000122n,3
AIP:000122o,1
AIP:0001230,6
AIP:0001236,8
AIP:0001237,3
AIP:0001238,58
AIP:0001239,55
AIP:0001242,65
AIP:0001255,72
AIP:0001256,1
AIP:0001259,42
AIP:0001261,4
AIP:0001263,1
AIP:0001265,75
AIP:0001266,29
AIP:0001267,194
AIP:0001272,15
AIP:0001276,2
AIP:0001278,12
AIP:000128b,1
AIP:000128c,6
AIP:0001297,15
AIP:0001313,6
AIP:0001336,856
AIP:0001338,2
AIP:0001339,2
AIP:0001340,59
AIP:0001341,691
AIP:0001342,303
AIP:0001344,2
AIP:0001346,1
AIP:0001348,1
AIP:0001351,8
AIP:0001353,5
AIP:0001354,1
AIP:0001356,1
AIP:0001358,51
AIP:0001364,8
AIP:0001365,34
AIP:0001366,1
AIP:0001375,1
AIP:0001376,3
AIP:0001379,1
AIP:0001380,6
AIP:0001382,4
AIP:0001383,3
AIP:0001386,94
AIP:0001387,170
AIP:0001388,57
AIP:0001389,60
AIP:0001390,3
AIP:0001392,8
AIP:0001394,1
AIP:0001396,213
AIP:0001398,195
AIP:0001406,265
AIP:0001407,2
AIP:0001415,5
AIP:0001416,83
AIP:0001417,114
AIP:0001418,501
AIP:0001419,21
AIP:0001420,9
AIP:0001421,20
AIP:0001422,191
AIP:0001423,3087
AIP:0001424,159
AIP:0001425,100
AIP:0001426,161
AIP:0001427,2
AIP:0001428,6
AIP:0001430,528
AIP:0001432,6
AIP:0001433,78
AIP:0001437,376
AIP:0001439,28
AIP:0001440,29
AIP:0001441,18
AIP:0001442,55
AIP:0001444,69
AIP:0001445,40
AIP:0001448,1
AIP:0001449,7
AIP:0001454,27
AIP:0001455,12
AIP:0001459,18
AIP:0001460,7
AIP:0001462,2
AIP:0001471,1
AIP:0001474,1
AIP:0001476,3
AIP:0001478,83
AIP:0001481,4
AIP:0001492,7
AIP:0001501,1
AIP:0001506,1
AIP:0001508,72
AIP:0001521,1
AIP:0001528,9
AIP:0001537,1
AIP:0001538,1639
AIP:0001540,9
AIP:0001541,65
AIP:0001542,22
AIP:0001543,9
AIP:0001544,7
AIP:0001545,6
AIP:0001546,7
AIP:0001550,2
AIP:0001551,50
AIP:0001552,1
AIP:0001553,377
AIP:0001554,1
AIP:0001555,1
AIP:0001558,253
AIP:0001559,1
AIP:0001560,32
AIP:0001561,3
AIP:0001564,21
AIP:0001567,32
AIP:0001573,17
AIP:0001579,215
AIP:0001580,435
AIP:0001582,11
AIP:0001588,5
AIP:0001589,19
AIP:0001593,29
AIP:0001612,30
AIP:0001614,21
AIP:0001616,3
AIP:0001618,266
AIP:0001620,1
AIP:0001621,37
AIP:0001622,30
AIP:0001623,1
AIP:0001624,18
AIP:0001630,1
AIP:0001631,46
AIP:0001632,50
AIP:0001634,2
AIP:0001635,46
AIP:0001636,83
AIP:0001638,56
AIP:0001639,7
AIP:0001640,91
AIP:0001641,9
AIP:0001642,45
AIP:0001643,49
AIP:0001644,213
AIP:0001647,450
AIP:0001650,11
AIP:0001652,21
AIP:0001655,2
AIP:0001660,26
AIP:0001662,79
AIP:0001665,4
AIP:0001666,36
AIP:0001667,250
AIP:0001668,13
AIP:0001669,29
AIP:0001670,12
AIP:0001672,913
AIP:0001680,10
AIP:0001684,7
AIP:0001685,2
AIP:0001690,24
AIP:0001696,118
AIP:0001698,6
AIP:0001701,45
AIP:0001703,42
AIP:0001704,1
AIP:0001706,1
AIP:0001707,183
AIP:0001708,18
AIP:0001711,36
AIP:0001713,7
AIP:0001715,13
AIP:0001724,54
AIP:0001725,75
AIP:0001726,5
AIP:0001734,16
AIP:0001737,17
AIP:0001738,12
AIP:0001739,8
AIP:0001744,1
AIP:0001747,20
AIP:0001750,9
AIP:0001766,1
AIP:0001768,1
AIP:0001777,43
AIP:0001784,222
AIP:0001785,1
AIP:0001786,76
AIP:0001787,22
AIP:0001791,47
AIP:0001795,29
AIP:0001799,3
AIP:0001801,3
AIP:0001803,18
AIP:0001804,3
AIP:0001807,25
AIP:0001810,49
AIP:0001816,1
AIP:0001817,9
AIP:0001838,68
AIP:0001839,326
AIP:0001840,8
AIP:0001841,16
AIP:0001846,2
AIP:0001854,2
AIP:0001855,2
AIP:0001856,2
AIP:0001864,276
AIP:0001865,14
AIP:0001869,18
AIP:0001870,7
AIP:0001871,34
AIP:0001872,16
AIP:0001873,55
AIP:0001874,20
AIP:0001875,163
AIP:0001876,2
AIP:0001878,25
AIP:0001879,15
AIP:0001880,181
AIP:0001882,36
AIP:0001883,350
AIP:0001903,171
AIP:0001906,44
AIP:0001908,1
AIP:0001909,5
AIP:0001917,236
AIP:0001918,33
AIP:0001920,15
AIP:0001922,25
AIP:0001926,3
AIP:0001928,1
AIP:0001930,3
AIP:0001931,6
AIP:0001936,14
AIP:0001937,3
AIP:0001938,1
AIP:0001939,32
AIP:0001940,19
AIP:0001941,15
AIP:0001942,23
AIP:0001943,5
AIP:0001946,3
AIP:0001949,261
AIP:0001950,14
AIP:0001951,125
AIP:0001955,8
AIP:0001956,63
AIP:0001957,97
AIP:0001958,1
AIP:0001961,103
AIP:0001968,6
AIP:0001969,1
AIP:0001976,5
AIP:0001978,7
AIP:0001979,23
AIP:0001983,36
AIP:0001986,5
AIP:0001990,2
AIP:0001992,1
AIP:0001993,20
AIP:0002006,105
AIP:0002007,451
AIP:0002008,4
AIP:0002009,4
AIP:0002010,51
AIP:0002011,18
AIP:0002012,8
AIP:0002017,1
AIP:0002018,19
AIP:0002019,30
AIP:0002028,97
AIP:0002033,7
AIP:0002038,2
AIP:0002042,1
AIP:0002055,11
AIP:0002061,35
AIP:0002063,9
AIP:0002065,22
AIP:0002066,393
AIP:0002067,132
AIP:0002068,3
AIP:0002069,41
AIP:0002070,3
AIP:0002072,10
AIP:0002073,35
AIP:0002076,34
AIP:0002078,32
AIP:0002079,44
AIP:0002080,99
AIP:0002081,43
AIP:0002082,19
AIP:0002083,5
AIP:0002084,100
AIP:0002085,81
AIP:0002086,2
AIP:0002087,68
AIP:0002089,1
AIP:0002091,3
AIP:0002092,5
AIP:0002093,40
AIP:0002096,15
AIP:0002104,120
AIP:0002105,165
AIP:0002106,30
AIP:0002107,1
AIP:0002115,8
AIP:0002116,29
AIP:0002119,46
AIP:0002122,14
AIP:0002125,4
AIP:0002126,14
AIP:0002131,9
AIP:0002132,6
AIP:0002145,1
AIP:0002153,3
AIP:0002163,13
AIP:0002165,47
AIP:0002167,5
AIP:0002171,14
AIP:0002175,1
AIP:0002176,1
AIP:0002182,217
AIP:0002183,172
AIP:0002184,1
AIP:0002186,33
AIP:0002187,14
AIP:0002189,104
AIP:0002194,15
AIP:0002195,7
AIP:0002200,3
AIP:0002201,9
AIP:0002202,13
AIP:0002210,2
AIP:0002212,14
AIP:0002216,13
AIP:0002246,66
AIP:0002252,1
AIP:0002253,74
AIP:0002256,20
AIP:0002257,224
AIP:0002258,38
AIP:0002259,1253
AIP:0002260,480
AIP:0002261,330
AIP:0002262,37
AIP:0002263,340
AIP:0002264,403
AIP:0002265,691
AIP:0002266,1903
AIP:0002272,26
AIP:0002280,60
AIP:0002281,25
AIP:0002282,32
AIP:0002284,10
AIP:0002288,3
AIP:0002289,19
AIP:0002290,10
AIP:0002291,13
AIP:0002292,1
AIP:0002293,2
AIP:0002294,2
AIP:0002297,2
AIP:0002298,1
AIP:0002300,10
AIP:0002301,45
AIP:0002305,1
AIP:0002308,618
AIP:0002312,1
AIP:0002313,1
AIP:0002315,9
AIP:0002327,122
AIP:0002330,106
AIP:0002331,2
AIP:0002333,41
AIP:0002334,1
AIP:0002344,311
AIP:0002345,142
AIP:0002346,144
AIP:0002349,178
AIP:0002352,14
AIP:0002353,1
AIP:0002354,13
AIP:0002355,14
AIP:0002357,48
AIP:0002358,18
AIP:0002359,1
AIP:0002361,13
AIP:0002362,2
AIP:0002363,4
AIP:0002364,81
AIP:0002365,418
AIP:0002366,296
AIP:0002367,162
AIP:0002368,2
AIP:0002369,39
AIP:0002371,107
AIP:0002372,8
AIP:0002373,334
AIP:0002374,1189
AIP:0002376,17
AIP:0002380,25
AIP:0002383,181
AIP:0002384,9
AIP:0002385,324
AIP:0002386,3
AIP:0002388,76
AIP:0002389,8
AIP:0002391,93
AIP:0002393,8
AIP:0002394,4
AIP:0002395,118
AIP:0002396,1
AIP:0002397,12
AIP:0002398,1
AIP:0002399,3
AIP:0002402,2
AIP:0002417,5
AIP:0002428,28
AIP:0002429,10
AIP:0002434,5
AIP:0002437,20
AIP:0002446,58
AIP:0002447,8
AIP:0002448,14
AIP:0002451,118
AIP:0002460,54
AIP:0002461,3
AIP:0002471,2499
AIP:0002472,87
AIP:0002474,6
AIP:0002475,65
AIP:0002476,107
AIP:0002477,7
AIP:0002478,29
AIP:0002480,72
AIP:0002481,19
AIP:0002482,2
AIP:0002484,60
AIP:0002492,2
AIP:0002493,126
AIP:0002494,265
AIP:0002495,69
AIP:0002496,1
AIP:0002497,214
AIP:0002511,1
AIP:0002513,293
AIP:0002514,28
AIP:0002515,16
AIP:0002517,705
AIP:0002519,4
AIP:0002520,6
AIP:0002522,2
AIP:0002523,351
AIP:0002524,13
AIP:0002525,1
AIP:0002527,1
AIP:0002529,19
AIP:0002534,50
AIP:0002538,14
AIP:0002539,7
AIP:0002541,28
AIP:0002542,17
AIP:0002544,10
AIP:0002545,4
AIP:0002550,258
AIP:0002554,35
AIP:0002556,1
AIP:0002557,22
AIP:0002581,121
AIP:0002582,17
AIP:0002583,42
AIP:0002586,9
AIP:0002589,4
AIP:0002593,75
AIP:0002594,4
AIP:0002596,21
AIP:0002597,13
AIP:0002605,44
AIP:0002606,31
AIP:0002614,2
AIP:0002616,35
AIP:0002617,8
AIP:0002618,7
AIP:0002621,126
AIP:0002623,81
AIP:0002626,1
AIP:0002649,5
AIP:0002652,25
AIP:0002653,66
AIP:0002669,12
AIP:0002673,230
AIP:0002676,24
AIP:0002677,1
AIP:0002679,8
AIP:0002681,32
AIP:0002686,2
AIP:0002690,1
AIP:0002691,8
AIP:0002694,1
AIP:0002704,1
AIP:0002714,24
AIP:0002717,2
AIP:0002723,37
AIP:0002738,1
AIP:0002739,9
AIP:0002740,1
AIP:0002741,21
AIP:0002743,22
AIP:0002769,1
AIP:0002772,8
AIP:0002777,1
AIP:0002779,4
AIP:0002782,1
AIP:0002788,108
AIP:0002789,9
AIP:0002790,25
AIP:0002794,42
AIP:0002803,39
AIP:0002804,88
AIP:0002805,9
AIP:0002806,46
AIP:0002807,29
AIP:0002811,754
AIP:0002812,230
AIP:0002813,119
AIP:0002815,1
AIP:0002817,17
AIP:0002818,14
AIP:0002821,33
AIP:0002829,8
AIP:0002831,2
AIP:0002832,102
AIP:0002842,19
AIP:0002846,13
AIP:0002847,5
AIP:0002848,7
AIP:0002862,9
AIP:0002863,1
AIP:0002864,97
AIP:0002865,31
AIP:0002866,5
AIP:0002868,3
AIP:0002870,10
AIP:0002871,1
AIP:0002872,976
AIP:0002874,26
AIP:0002875,32
AIP:0002877,37
AIP:0002878,12
AIP:0002879,42
AIP:0002880,6
AIP:0002881,8
AIP:0002884,1
AIP:0002885,2
AIP:0002887,37
AIP:0002888,43
AIP:0002889,76
AIP:0002890,8
AIP:0002891,1
AIP:0002898,203
AIP:0002899,4
AIP:0002900,7
AIP:0002902,3
AIP:0002903,66
AIP:0002907,6
AIP:0002912,109
AIP:0002914,7
AIP:0002921,6
AIP:0002929,147
AIP:0002930,30
AIP:0002931,711
AIP:0002933,1
AIP:0002936,115
AIP:0002937,8
AIP:0002940,9
AIP:0002955,4
AIP:0002959,24
AIP:0002961,1
AIP:0002963,2
AIP:0002968,16
AIP:0002976,2
AIP:0002977,105
AIP:0002981,6
AIP:0002983,99
AIP:0002984,2
AIP:0002988,25
AIP:0002989,42
AIP:0002991,2
AIP:0002993,2
AIP:0002995,1
AIP:0002996,77
AIP:0002998,2
AIP:0003006,5
AIP:0003007,2
AIP:0003008,5
AIP:0003009,1
AIP:0003029,99
AIP:0003030,53
AIP:0003031,13
AIP:0003038,48
AIP:0003043,247
AIP:0003044,1375
AIP:0003045,9
AIP:0003052,14
AIP:0003055,20
AIP:0003056,3
AIP:0003061,171
AIP:0003065,20
AIP:0003068,1
AIP:0003069,204
AIP:0003070,4960
AIP:0003071,4
AIP:0003073,50
AIP:0003075,2
AIP:0003076,67
AIP:0003078,29
AIP:0003081,1
AIP:0003082,101
AIP:0003087,17
AIP:0003092,5
AIP:0003094,38
AIP:0003099,146
AIP:0003107,1
AIP:0003130,136
AIP:0003131,1
AIP:0003132,29
AIP:0003133,13
AIP:0003136,18
AIP:0003137,353
AIP:0003140,84
AIP:0003141,45
AIP:0003143,1
AIP:0003145,7
AIP:0003148,5
AIP:0003150,34
AIP:0003151,84
AIP:0003152,1
AIP:0003153,2
AIP:0003155,1
AIP:0003160,1
AIP:0003161,13
AIP:0003162,121
AIP:0003163,16
AIP:0003164,11
AIP:0003165,10
AIP:0003166,24
AIP:0003169,1
AIP:0003170,18
AIP:0003179,16
AIP:000317a,2
AIP:000317b,1
AIP:000317c,4
AIP:000317d,8
AIP:0003182,4
AIP:0003186,4
AIP:0003188,5
AIP:0003190,3
AIP:0003195,12
AIP:0003201,9
AIP:0003204,5
AIP:0003210,9
AIP:0003219,219
AIP:0003220,244
AIP:0003221,68
AIP:0003222,13
AIP:0003223,29
AIP:0003225,4
AIP:0003226,13
AIP:0003231,20
AIP:0003233,18
AIP:0003235,4
AIP:0003236,1
AIP:0003240,6
AIP:0003241,1
AIP:0003255,19
AIP:0003256,2
AIP:0003257,11
AIP:0003263,246
AIP:0003268,68
AIP:0003273,4
AIP:0003276,3
AIP:0003282,48
AIP:0003284,1
AIP:0003288,284
AIP:0003292,36
AIP:0003294,94
AIP:0003295,59
AIP:0003300,12
AIP:0003304,7
AIP:0003308,1
AIP:0003309,32
AIP:0003314,2
AIP:0003315,31
AIP:0003326,78
AIP:0003327,12
AIP:0003331,1
AIP:0003414,1
AIP:0003418,1
AIP:0003439,8
AIP:0003443,1
AIP:0003470,3
AIP:0003471,1
AIP:0003486,14
AIP:0003492,42
AIP:0003503,13
AIP:0003504,1
AIP:0003512,6733
AIP:0003513,979
AIP:0003515,1
AIP:0003516,3
AIP:0003517,316
AIP:0003518,441
AIP:0003519,68
AIP:0003520,462
AIP:0003521,21
AIP:0003526,330
AIP:0003528,52
AIP:0003529,49
AIP:0003531,1
AIP:0003532,3
AIP:0003536,292
AIP:0003537,55
AIP:0003538,61
AIP:0003539,17
AIP:0003540,4
AIP:0003541,4
AIP:0003601,23
AIP:000436b,1
AIP:000436c,58
AIP:000436d,6
AIP:000436e,6
AIP:000436f,7
AIP:000436g,1
AIP:000436l,35
AIP:000436n,78
AIP:000436o,62
AIP:000445a,9
AIP:000445d,1
AIP:000506a,2
AIP:000506c,1
AIP:000506d,2
AIP:000506i,9
AIP:000506j,10
AIP:000692c,11
AIP:000692d,8
AIP:0007000,219
AIP:000734b,1
AIP:000734e,2
AIP:0007979,85
AIP:0010297,166
AIP:0011114,170
AIP:0011506,77
AIP:0012063,54
AIP:0012300,157
AIP:0012890,66
AIP:0012898,240
AIP:0012913,5
AIP:0012929,355
AIP:001336b,2
AIP:001336f,3
AIP:001342b,2
AIP:001430b,12
AIP:0022200,182
AIP:0022201,47
AIP:0022202,7
AIP:0022203,175
AIP:0022204,62
AIP:0022205,16
AIP:0022206,64
AIP:0022208,84
AIP:0022209,97
AIP:0022210,15
AIP:0022211,5
AIP:0022212,5
AIP:0022213,18
AIP:0022214,3
AIP:0022215,1
AIP:0022216,13
AIP:0022217,4096
AIP:0022218,5
AIP:0022219,2
AIP:0022220,2
AIP:0022221,1
AIP:0022222,1
AIP:0022223,5
AIP:0022224,17
AIP:0022225,15
AIP:0022226,11
AIP:0022227,20
AIP:0022228,15
AIP:0022229,3
AIP:0022300,23
AIP:0022301,7
AIP:0022302,80
AIP:0022303,2
AIP:0022304,16
AIP:002259a,64
AIP:002259b,30
AIP:002259c,2
AIP:002259d,5
AIP:002261a,3
AIP:002261b,2
AIP:002471a,19
AIP:002471d,76
AIP:003044b,1
AIP:003512a,6
AIP:003512b,46
AIP:003512c,95
AIP:003512d,13
AIP:003512e,3
AIP:003512f,36
AIP:0088888,77
AIP:0100001,916
AIP:0100002,769
AIP:0100003,502
AIP:0100004,369
AIP:0100006,7
AIP:0100007,253
AIP:0100008,212
AIP:0100009,3
AIP:0100010,44
AIP:0100012,1
AIP:0100013,2
AIP:0100014,1
AIP:0100015,20
AIP:0100017,20
AIP:0100018,1
AIP:0100019,1
AIP:0100020,21
AIP:0100021,603
AIP:0100022,1
AIP:0100023,1
AIP:0100024,2
AIP:0100025,1
AIP:0100026,18
AIP:0100027,3
AIP:0100029,1
AIP:0100030,2
AIP:0100031,32
AIP:0100032,2
AIP:0100033,4
AIP:0100034,2
AIP:0100035,8
AIP:0100036,2
AIP:0100037,223
AIP:0100038,9
AIP:0100039,2
AIP:0100040,1
AIP:0100041,9
AIP:0100042,1
AIP:0100043,1
AIP:0100044,2
AIP:0100046,4
AIP:0100047,197
AIP:0100048,36
AIP:0100049,23
AIP:0100050,12
AIP:0100051,13
AIP:0100052,40
AIP:0100053,16
AIP:0100054,196
AIP:0100058,75
AIP:0100059,186
AIP:0100060,303
AIP:0100062,106
AIP:0100063,206
AIP:0100064,170
AIP:0100065,73
AIP:0100066,9
AIP:0100072,36
AIP:0100073,166
AIP:0100074,38
AIP:0100076,511
AIP:0100078,55
AIP:0100079,26
AIP:0100082,23
AIP:0100083,2
AIP:0100084,51
AIP:0100085,11
AIP:0100086,15
AIP:0100087,1
AIP:0100088,14
AIP:0100089,27
AIP:0100091,1
AIP:0100092,359
AIP:0100093,8
AIP:0100094,9
AIP:0100096,3
AIP:0100097,83
AIP:0100098,6
AIP:0100099,1
AIP:0100100,11
AIP:0100101,1
AIP:0100102,4
AIP:0100103,10
AIP:0100104,15
AIP:0100105,92
AIP:0100106,6
AIP:0100107,65
AIP:0100109,2
AIP:0100110,4
AIP:0100111,14
AIP:0100112,8
AIP:0100124,10
AIP:0100126,2881
AIP:0100127,68
AIP:0100129,11
AIP:0100134,21
AIP:0100135,61
AIP:0100136,6
AIP:0100149,3
AIP:0100150,142
AIP:0100151,124
AIP:0100152,665
AIP:0100153,81
AIP:0100154,87
AIP:0100156,69
AIP:0100157,58
AIP:0100158,47
AIP:0100159,52
AIP:0100160,21
AIP:0100161,36
AIP:0100162,35
AIP:0100163,35
AIP:0100164,36
AIP:0100165,56
AIP:0100166,29
AIP:0100167,42
AIP:0100168,31
AIP:0100169,31
AIP:0100170,61
AIP:0100171,28
AIP:0100172,24
AIP:0100173,24
AIP:0100174,51
AIP:0100175,22
AIP:0100177,22
AIP:0100181,42
AIP:0100182,25
AIP:0100183,17
AIP:0100184,15
AIP:0100185,17
AIP:0100186,27
AIP:0100187,15
AIP:0100188,15
AIP:0100189,12
AIP:0100190,15
AIP:0100191,11
AIP:0100193,11
AIP:0100195,75
AIP:0100196,14
AIP:0100197,20
AIP:0100198,22
AIP:0100199,23
AIP:0100200,10
AIP:0100201,10
AIP:0100202,10
AIP:0100203,10
AIP:0100204,10
AIP:0100205,9
AIP:0100206,9
AIP:0100207,10
AIP:0100208,8
AIP:0100209,8
AIP:0100210,10
AIP:0100212,13
AIP:0100213,8
AIP:0100214,7
AIP:0100215,7
AIP:0100216,7
AIP:0100217,6
AIP:0100218,6
AIP:0100219,7
AIP:0100220,6
AIP:0100221,6
AIP:0100222,5
AIP:0100223,45
AIP:0100224,4
AIP:0100225,7
AIP:0100226,5
AIP:0100227,5
AIP:0100228,5
AIP:0100229,5
AIP:0100230,4
AIP:0100231,9
AIP:0100232,16
AIP:0100233,5
AIP:0100234,4
AIP:0100235,4
AIP:0100236,4
AIP:0100237,4
AIP:0100238,4
AIP:0100239,7
AIP:0100240,14
AIP:0100241,8
AIP:0100242,3
AIP:0100243,3
AIP:0100244,3
AIP:0100245,3
AIP:0100246,5
AIP:0100247,3
AIP:0100248,3
AIP:0100249,205
AIP:0100250,5
AIP:0100251,3
AIP:0100252,3
AIP:0100253,3
AIP:0100254,4
AIP:0100255,310
AIP:0101001,1
AIP:0101021,191
AIP:0101854,15
AIP:0103003,564
AIP:0103004,3
AIP:0103006,280
AIP:0103007,31
AIP:0103149,1
AIP:0110005,37
AIP:0122200,164
AIP:1000000,39
AIP:1000002,45
AIP:1000003,2
AIP:100003a,8
AIP:100004b,1
AIP:100255a,77
AIP:100255b,8
AIP:100255c,4
AIP:100255d,5
AIP:100255e,67
